[
	{
		"title": "朴素妍",
		"name": "piaosuyan.png",
		"description": "朴昭妍原名朴仁静，1987年10月5日出生于韩国京畿道安养市。2005年，就读于安养市艺术高等学校的朴昭妍，报名参加了韩国CMB频道的选秀节目《亲亲歌谣节》，获得了青少年歌谣比赛的金奖[19]  ；同年，朴昭妍进入韩国SM娱乐有限公司，成为练习生。"
	},
	{
		"title": "朴智妍",
		"name": "piaozhiyan.png",
		"description": "朴智妍（Park Ji Yeon），1993年6月7日出生于韩国首尔，韩国女歌手、演员、主持人、模特，女子演唱团体T-ara成员之一。"
	},
	{
		"title": "朴孝敏",
		"name": "piaoxiaomin.png",
		"description": "朴孝敏（Park Hyo Min），1989年5月30日出生于韩国釜山，毕业于成均馆大学，韩国女歌手、演员，女子演唱团体T-ara成员。"
	},
	{
		"title": "咸恩静",
		"name": "xianenjing.png",
		"description": "咸恩静，1988年12月12日出生于韩国，韩国女歌手、演员，韩国女子组合T-ara第一任队长，队内担当，Rapper、领舞、主唱，毕业于韩国东国大学。"
	},
	{
		"title": "李居丽",
		"name": "lijuli.png",
		"description": "李居丽（Lee Ji Hyun），1986年12月12日出生于韩国京畿道高阳市，毕业于明知大学视觉艺术及戏剧系，韩国女歌手、演员、模特，女子演唱团体T-ara成员兼队长。"
	},
	{
		"title": "全宝蓝",
		"name": "jinbaolan.png",
		"description": "全宝蓝，1986年3月22日出生于韩国首尔，毕业于明知专门大学，韩国女歌手、演员、模特，女子演唱团体T-ara成员之一。"
	}
]